Year,TotalRevenue
2020,6404933.5803000005
2021,9324203.791699998
2022,9185449.447299998
